Accession ID,Name,Sequence,Length
AF313802,Methanosaeta concilii strain DSM 3671,GGGAAGCTACATGTCCGGCGGTGTCGGTTTCACCCAGTACGCTACTGCTGCCTACACCAACGATGTCCTGGATGACTTCTCCTATTATGGTGTGGACTACGCCAACGACAAGTTCGGCGGATTCGCCAAGGCACCCGCGACCATCGATGTCGCCAAGGAGCTGGCCACTGAGGTCACTCTGTACGGCATTGAGCAGTACGAGGCCTTCCCCACCCTGCTTGAGGATCACTTCGGCGGGTCCCAGAGGGCAGCCGTTCTGGCAGCCGCTTCCGGTATCACCTCCGCCATCGCCACTGGTCACTCCCAGATCGGCCTGGCCGGCTGGTATCTCTCCATGCTCCTGCACAAGGAAGCCTGGGGCAGACTGGGATTCTTCGGCTACGACCTGCAGGATCAGTGCGGTCCAACCAATGTGTTCTCTTACCAGTCAGACGAGGGCAACCCATTGGAGCTGAGAGGCGCCAACTACCCA,472
AF414043,Methanosarcina mazei strain DSM 2053,TACACAGACGACATCCTCGACAACAACACCTACTATGACGTTGACTACATCAACGACAAGTACAACGGTGCTGCAAACCTCGGAACTGACAACAAGGTAAAGGCAACCCTCGATGTAGTAAAAGACATCGCAACCGAGTCCACACTCTATGGTATCGAGACCTACGAGAAATTCCCAACAGCCCTTGAAGACCACTTCGGTGGGTCCCAGAGAGCAACCGTGCTTGCAGCTGCATCAGGCGTTGCATGCGCTCTTGCAACCGGAAACGCAAATGCTGGTCTCTCAGGCTGGTACCTCTCCATGTATGTCCACAAGGAAGCATGGGGCAAACTCGGATTCTTCGGTTTCGACCTGCAGGATCAGTGTGGTGCCACAAACGTTCTGTCCTACCAGGGCGACGAAGGTCTCCCAAACAAACTCCGTGGTCCAAACTAC,435
AY970349,Methanosaeta harundinacea strain 6Ac,ACGTTCATGGCGTAGTTCGGATAGTTCGCGCCTCTCAGCTCGAGGGGGCTCCCCTCGTCGCCCTGGTAGCTGAAGACGTTGGTCGGACCGCACTGGTCCTGCAGGTCGTATCCGAAGAAGCCCATCCTGCCCCAGCCGTCCTTGTGGATGAGGTGGCTGAGGTACCAGGCGGCGAGGCCGGACTGGCTGTTTCCGGTCAGGCAGGCAGAGCCGATGGCGCTGGCGGCGGCCATGACCGCGGACCTCTGGGAACCGCCGAAGTGGTCCTCCAGCAGGGTCGGGAAGGACTCGTACTGCTCCATGGCGTAGAGGGTCGTCTCGGTGGCGATGTCCTTGGAGGTCTCCAGGGTGGCGGGAGCCTTGCCCCAGTCACCGAACTTGTCCACGCCGTAGTCGCATGCGTAGTAGGAGAAGTCGTCCAGGACGTCGTTGGTGTAGGCGGCCGTGGCGTACTGGGTGAAGCCGACACCACCGGACATGTAGCTGCCGAGCCAAATCTGATCATAA,507
AY970348,Methanosaeta harundinacea strain 8Ac,ACGTTCATGGCGTAGTTCGGATAGTTCGCGCCTCTCAGCTCGAGGGGGCTCCCCTCGTCGCCCTGGTAGCTGAAGACGTTGGTCGGACCGCACTGGTCCTGCAGGTCGTATCCGAAGAAGCCCATCCTGCCCCAGCCGTCCTTGTGGATGAGGTGGCTGAGGTACCAGGCGGCGAGGCCGGACTGGCTGTTTCCGGTCAGGCAGGCAGAGCCGATGGCGCTGGCGGCGGCCATGACCGCGGACCTCTGGGAACCGCCGAAGTGGTCCTCCAGCAGGGTCGGGAAGGACTCGTACTGCTCCATGGCGTAGAGGGTCGTCTCGGTGGCGATGTCCTTGGAGGTCTCCAGGGTGGCGGGAGCCTTGCCCCAGTCACCGAACTTGTCCACGCCGTAGTCGCATGCGTAGTAGGAGAAGTCGTCCAGGACGTCGTTGGTGTAGGCGGCCGTGGCGTACTGGGTGAAGCCGACACCACCGGACATGTAGCTGCCGAGCCAAATCTGATCATAA,507
AY672820,Methanomethylovorans thermophila,TAGGTCCACGCAGCTCAAGAGGCAGACCTTCGTCGGACTGGTAGGAGAACACATTGGTTGCACCGCACTGGTCCTGCAGGTCGAAACCGAAGAATCCGAGACGGCCGTGTGCTTCCTTGTGCAGGTACATACAGAGGTACCATCCGGACAGACCGGCATTTCCGTTACCTGTTGCGATAGCTGTGGCGGCACCTGCTGCTGCGGAGAGCACTGTTGCCCTCTGGGAACCTCCGAAGTGGTCTTCAAGTGCAGTCGGGTATTTCTCGTAGTTCTCTAAACCGTACAGAGTGGACTCTGTGGTTATGTCTTTGACAATTTCGAGAGTTGCCTTTACCTTGTTGTCTGTACCCTTCTTGGCTGCACCGTTGTACTTGTCATTAATGTAATCTACATCATAGTACAGGTTGTCATCCAGGATGTTGTTTGTGTATGCAGCTGTTGCATACTGTGTGAAACCTACACCACCTGACATGTATGAACCGAGCCAGATTTGGTCGTAGAGCATACAGCCTGCACCGACTACTTCAAGGGCTATGTGTGCCGGGTCCTCTGGATCTACGCGGCTTGTCTGAATGATATCTGCGAGGTGACCGAAGGAAATACCTCCAGGCTCGTTAGGACCACGTGCACGCCTTGCCGGGAGCATTTCACCCATAGAGATGACACCAGCGTGCTTTGCAGCGTATGAAAGGTCAGCTACAGCTGCCTCACCGGCACACATGCTGTATGCAGAGATGAA,739
AF414045,Methanocorpusculum parvum strain DSM 3823,TACACGGATAACATCCTTGATGACTTCACCTACTACGGAATGGACTACATCCACGACAAGTACAAGGTCGACACCAAGAATCCGAACGCAAAAGACAAAGTCAAAGCAACCCAGGAAGTTGTCAACGACATCGCAACCGAAGTCAACCTTTACGGTATGGAACAGTATGAACAGTTCCCGACCATGATGGAAGACCACTTCGGCGGTTCCCAGCGTGCAGCCGTTCTTGCAGCAGCCTCCGGTATCTCCACGTCGATTGCAACCGGAAACTCCAACGCCGGTCTCAACGGCTGGTATCTGTCCATGCTTCTGCACAAAGACGGCTGGTCCAGACTTGGTTTCTTCGGCTACGATCTGCAGGACCAGTGCGGTTCCGCAAACTCACTCTCCATCAGACCTGATGAAGGCTGTATCGGCGAGTTCCGCGGACCAAACTAC,438
KC876049,Methanomethylovorans uponensis strain EK1,AGCATGTGTGCCGGTGAAGCAGCAGTCGCTGACCTTTCATATGCAGCAAAGCACGCTGGTGTCATCTCCATGGGTGAAATGCTTCCAGCAAGGCGTGCACGTGGGCCAAACGAGCCAGGAGGCATCTCCTTCGGTCACCTCTCAGATATCGTGCAGACCAGCCGTATTGACCCAGAAGACCCAGCACACGTAGCCCTTGAGGTAGTCGGTGCAGGCTGTATGCTCTACGACCAGATCTGGCTCGGTTCATACATGTCTGGTGGTGTCGGTTTCACACAGTACGCAACCGCTGCATACACCAACAACATCCTGGATGACAACCTGTACTATAACGTAGACTACATCAACGACAAGTACAACGGCGCAGCCAAGAAGGGTACAGACAACAAGGTAAAGGCAACTTTAGGTGTTGTCAAGGACATCGCCACAGAGTCCACTCTGTATGGTCTTGAGAACTACGAGAAATACCCAACTGCACTTGAGGACCACTTCGGAGGTTCCCAGAGGGCAACTGTACTCTCCGCAGCAGCAGGAGCCGCAACAGCACTGGCAACTGGTAACGGAAACGCTGGTCTGTCCGGATGGTACCTCTCTATGTACCTGCACAAGGAAGCACATGGCCGTCTCGGTTTCTTCGGTTTCGACCTGCAGGACCAGTGTGGTGCAACCAACGTGTTGTCCTACCAGTCCGACGAAGGTCTGCCTG,706
GU385700,Methanobrevibacter smithii strain 4R_4_F02,ATCTTCAAATTTCTGATGGAGAATACGTTAGCTGCACCACATTGATCTTGTAAATCGTATCCGTAGAAACCTAATCTGGAATGTTGTTCTTTGTGTAAGTACATACCTAAGTACCATGCACTTAAACCAGTTTGAGCATTACCAGTAGCGAATGCAGTGGAACAACCAGCTGCCGCTGAAATAACAGAAGCCCTTTGAGATCCACCGAAGTGAGTTTCAAGTAAAGCTGGGTATTCTTCGTATTGTTCTAATGCGTAGAATGAAACTTCAGAACCTACATCAAGAACAGTGTCCATGTTATTAGGTGCTTCAGTTAATCCACCATATTTGTCTTCTACGTAATCTTTACCATAGTAAGTGAAGTCATCTAATACATCATCAGTATATGCTGCTGTTGCATACTGTGTGAATCCGAACACCACA,423
KF836868,Uncultured Methanoculleus sp. clone HB-107,GGCATACACCGACAACATCCTGGATGAGTTCACATACTACGGTATGGACTACATCAAGGACAAATATGGCGTAGACTGGAAGAACCCAAGCCCGAAGGACCGGGTCAAGCCAACCCAGGAAGTCGTTAACGACATTACAACCGAGGTGGCCCTCAACGCCATGGAGCAGTACGAGCAGTACCCGACCATGATGGAAGACCACTTCGGCGGCTCACAGCGTGCTGGTGTCATCGCCGCTGCCTGCGGTCTCTCGACCTCGATTGCAACCGGGAACTCCAACGCCGGCCTGAACGCCTGGTATCTGGCCATGCTCCTGCACAAGGACGGCTGGTCACGTCTCGGGTTCTTCGGCTACGACCTCCAGGACCAGTGTGGTTCCGCGAACTCGCTCTCCATCGAACCCGATCGCGGTCTGATGGGAGAACTGCGTGGGCCA,436
KF836855,Uncultured Methanoculleus sp. clone XJ6-100,GGCCTACACCGACAACATCCTCGATGAGTTCACCTACTACGGTATGGACTACATCAAGGACAAGTACAAGGTCGACTGGAGGAACCCGAGCCCGAACGACAAGGTCAAGCCGACCCAGGAGATCGTCAACGATCTCGCAACCGAGGTCACCCTCAACGCTATGGAGCAGTACGAGCAGTTCCCGACCATGATGGAGGACCACTTCGGCGGTTCCCAGCGTGCAGCCGTTCTCGGTGCAGCATGTGGTTTAACCACCTCCATTGCAACCGGAAACTCCAACGCCGGTCTCAACGGCTGGTATCTGTCCATGCTTATGCACAAGGACGGATGGTCCAGACTTGGTTTCTTCGGCTACGATCTGCAGGACCAGTGCGGTTCCGCAAACTCTCTCTCCATCAGACCTGATGAAGGCTGTATCGGCGAGTTCCGCGGACCA,436
